<?xml version="1.0" encoding="UTF-8"?>
<events>
    <event>
        <keyword>Flaming Kick</keyword>
        <response>!!!Flaming Kick!!! (NUKE WATER) (USE BURN)<call14></response>
    </event>
    <event>
        <keyword>Flashflood</keyword>
        <response>!!!Flashflood!!! (NUKE THUNDER)<call14></response>
    </event>
    <event>
        <keyword>Icy Grasp</keyword>
        <response>!!!Icy Grasp!!! (NUKE FIRE) (USE BURN)<call14></response>
    </event>
    <event>
        <keyword>Eroding Flesh</keyword>
        <response>!!!Eroding Flesh!!! (NUKE WIND) (USE PANACEA!)<call14></response>
    </event>
    <event>
        <keyword>Fulminous Smash</keyword>
        <response>!!!Fulminous Smash!!! (NUKE STONE)<call14></response>
    </event>
    <event>
        <keyword>Undulating Shockwave</keyword>
        <response>!!!Undulating Shockwave!!! (SWITCH TO ICE)<call14></response>
    </event>
    <event>
        <keyword>Shrieking Gale</keyword>
        <response>!!!Shrieking Gale!!! (NUKE STONE)<call14></response>
    </event>
    <event>
        <keyword>Demonfire</keyword>
        <response>!!!Demonfire!!! (NUKE FIRE)<call14></response>
    </event>
    <event>
        <keyword>Torrential Pain</keyword>
        <response>!!!Torrential Pain!!! (NUKE WATER)<call14></response>
    </event>
    <event>
        <keyword>Frozen Blood</keyword>
        <response>!!!Frozen Blood!!! (NUKE ICE)<call14></response>
    </event>
    <event>
        <keyword>Ensepulcher</keyword>
        <response>!!!Ensepulcher!!! (NUKE STONE)<call14></response>
    </event>
    <event>
        <keyword>Ceaseless Surge</keyword>
        <response>!!!Ceasless Surge!!! (NUKE THUNDER)<call14></response>
    </event>
    <event>
        <keyword>Blast of Reticence</keyword>
        <response>!!!Blast of Reticence!!! (NUKE WIND)<call14></response>
    </event>
    <event>
        <keyword>Bane of Tartarus</keyword>
        <response>!!!Bane of Tartarus!!! (STOP NUKING!)<call14></response>
    </event>
    <!-- Add more events with keywords and responses as needed -->
</events>
